,total_effects_gp,total_effects,main_effects_gp,main_effects
app_coverage,0.13594214341891106,0.14,-0.04739364518467134,0.0
compliance,1.0375898429246784,1.01,0.9780326493146873,0.96
